-- MySQL dump 10.13  Distrib 5.7.26, for Win64 (x86_64)
--
-- Host: localhost    Database: lou
-- ------------------------------------------------------
-- Server version	5.7.26

/*!40101 SET @OLD_CHARACTER_SET_CLIENT=@@CHARACTER_SET_CLIENT */;
/*!40101 SET @OLD_CHARACTER_SET_RESULTS=@@CHARACTER_SET_RESULTS */;
/*!40101 SET @OLD_COLLATION_CONNECTION=@@COLLATION_CONNECTION */;
/*!40101 SET NAMES utf8 */;
/*!40103 SET @OLD_TIME_ZONE=@@TIME_ZONE */;
/*!40103 SET TIME_ZONE='+00:00' */;
/*!40014 SET @OLD_UNIQUE_CHECKS=@@UNIQUE_CHECKS, UNIQUE_CHECKS=0 */;
/*!40014 SET @OLD_FOREIGN_KEY_CHECKS=@@FOREIGN_KEY_CHECKS, FOREIGN_KEY_CHECKS=0 */;
/*!40101 SET @OLD_SQL_MODE=@@SQL_MODE, SQL_MODE='NO_AUTO_VALUE_ON_ZERO' */;
/*!40111 SET @OLD_SQL_NOTES=@@SQL_NOTES, SQL_NOTES=0 */;

--
-- Table structure for table `course`
--

DROP TABLE IF EXISTS `course`;
/*!40101 SET @saved_cs_client     = @@character_set_client */;
/*!40101 SET character_set_client = utf8 */;
CREATE TABLE `course` (
  `id` int(11) NOT NULL AUTO_INCREMENT,
  `name` varchar(32) DEFAULT NULL,
  `description` varchar(32) DEFAULT NULL,
  `picture` varchar(64) DEFAULT NULL,
  `show_number` int(11) DEFAULT NULL,
  `status` int(11) DEFAULT NULL,
  `type` int(11) DEFAULT NULL,
  `time_number` int(11) DEFAULT NULL,
  `lebal_id` int(11) DEFAULT NULL,
  PRIMARY KEY (`id`),
  KEY `lebal_id` (`lebal_id`),
  CONSTRAINT `course_ibfk_1` FOREIGN KEY (`lebal_id`) REFERENCES `label` (`id`)
) ENGINE=InnoDB AUTO_INCREMENT=380 DEFAULT CHARSET=utf8;
/*!40101 SET character_set_client = @saved_cs_client */;

--
-- Dumping data for table `course`
--

LOCK TABLES `course` WRITE;
/*!40000 ALTER TABLE `course` DISABLE KEYS */;
INSERT INTO `course` VALUES (1,'0000001','description','https://dn-simplecloud.shiyanlou.com/ncn63.jpg',48321,1,1,32,25),(2,'0000002','description2','https://dn-simplecloud.shiyanlou.com/ncn1.jpg',25700,1,1,31,13),(3,'Kali 渗透测试 - 后门技术实战（10个实验）','Kali 渗透测试 - 后门技术实战（10个实验）课程啊，真滴好','https://dn-simplecloud.shiyanlou.com/1480389303324.png',56041,1,1,14,12),(4,'Kali 渗透测试 - Web 应用攻击实战','Kali 渗透测试 - Web 应用攻击实战课程啊，真滴好啊','https://dn-simplecloud.shiyanlou.com/1480389165511.png',31913,1,1,8,13),(5,'使用OpenCV进行图片平滑处理打造模糊效果','使用OpenCV进行图片平滑处理打造模糊效果课程啊，真滴好啊','https://dn-simplecloud.shiyanlou.com/1482113947345.png',41255,1,1,24,18),(6,'使用 Python 解数学方程','使用 Python 解数学方程课程啊，真滴好啊','https://dn-simplecloud.shiyanlou.com/1482807365470.png',60922,1,1,32,5),(7,'跟我一起来玩转Makefile','跟我一起来玩转Makefile课程啊，真滴好啊','https://dn-simplecloud.shiyanlou.com/1482215587606.png',79617,1,1,24,4),(8,'Kali 渗透测试 - 服务器攻击实战（20个实验）','Kali 渗透测试 - 服务器攻击实战（20个实验）课程啊，真滴','https://dn-simplecloud.shiyanlou.com/1480386391850.png',5765,1,1,20,6),(9,'手把手教你实现 Google 拓展插件','手把手教你实现 Google 拓展插件课程啊，真滴好啊','https://dn-simplecloud.shiyanlou.com/1482113981000.png',81207,1,1,28,1),(10,'DVWA之暴力破解攻击','DVWA之暴力破解攻击课程啊，真滴好啊','https://dn-simplecloud.shiyanlou.com/1482113522578.png',79220,1,1,25,20),(11,'Python3实现简单的FTP认证服务器','Python3实现简单的FTP认证服务器课程啊，真滴好啊','https://dn-simplecloud.shiyanlou.com/1482113485097.png',46847,1,1,27,24),(12,'SQLAlchemy 基础教程','SQLAlchemy 基础教程课程啊，真滴好啊','https://dn-simplecloud.shiyanlou.com/1481689616072.png',41030,1,1,25,21),(13,'使用OpenCV&&C++进行模板匹配','使用OpenCV&&C++进行模板匹配课程啊，真滴好啊','https://dn-simplecloud.shiyanlou.com/1481511769551.png',5554,1,1,10,6),(14,'Metasploit实现木马生成、捆绑及免杀','Metasploit实现木马生成、捆绑及免杀课程啊，真滴好啊','https://dn-simplecloud.shiyanlou.com/1481512189119.png',49636,1,1,28,21),(15,'Python 3 实现 Markdown 解析器','Python 3 实现 Markdown 解析器课程啊，真滴好啊','https://dn-simplecloud.shiyanlou.com/1480644410422.png',8834,1,1,30,19),(16,'新手指南之玩转实验楼 (1)','新手指南之玩转实验楼 (1)课程啊，真滴好啊','https://dn-simplecloud.shiyanlou.com/ncn63.jpg',75835,1,1,9,10),(17,'Linux 基础入门（新版） (1)','Linux 基础入门（新版） (1)课程啊，真滴好啊','https://dn-simplecloud.shiyanlou.com/ncn1.jpg',44691,1,1,11,20),(18,'Kali 渗透测试 - 后门技术实战（10个实验） (1)','Kali 渗透测试 - 后门技术实战（10个实验） (1)课程啊','https://dn-simplecloud.shiyanlou.com/1480389303324.png',75387,1,1,10,14),(19,'Kali 渗透测试 - Web 应用攻击实战 (1)','Kali 渗透测试 - Web 应用攻击实战 (1)课程啊，真滴','https://dn-simplecloud.shiyanlou.com/1480389165511.png',35316,1,1,19,11),(20,'使用OpenCV进行图片平滑处理打造模糊效果 (1)','使用OpenCV进行图片平滑处理打造模糊效果 (1)课程啊，真滴','https://dn-simplecloud.shiyanlou.com/1482113947345.png',33944,1,1,21,6),(21,'使用 Python 解数学方程 (1)','使用 Python 解数学方程 (1)课程啊，真滴好啊','https://dn-simplecloud.shiyanlou.com/1482807365470.png',31616,1,1,12,24),(22,'跟我一起来玩转Makefile (1)','跟我一起来玩转Makefile (1)课程啊，真滴好啊','https://dn-simplecloud.shiyanlou.com/1482215587606.png',20719,1,1,14,17),(23,'Kali 渗透测试 - 服务器攻击实战（20个实验） (1)','Kali 渗透测试 - 服务器攻击实战（20个实验） (1)课程','https://dn-simplecloud.shiyanlou.com/1480386391850.png',51998,1,1,11,11),(24,'手把手教你实现 Google 拓展插件 (1)','手把手教你实现 Google 拓展插件 (1)课程啊，真滴好啊','https://dn-simplecloud.shiyanlou.com/1482113981000.png',9235,1,1,26,8),(25,'DVWA之暴力破解攻击 (1)','DVWA之暴力破解攻击 (1)课程啊，真滴好啊','https://dn-simplecloud.shiyanlou.com/1482113522578.png',35162,1,1,7,17),(26,'Python3实现简单的FTP认证服务器 (1)','Python3实现简单的FTP认证服务器 (1)课程啊，真滴好啊','https://dn-simplecloud.shiyanlou.com/1482113485097.png',73377,1,1,14,4),(27,'SQLAlchemy 基础教程 (1)','SQLAlchemy 基础教程 (1)课程啊，真滴好啊','https://dn-simplecloud.shiyanlou.com/1481689616072.png',8016,1,1,9,5),(28,'使用OpenCV&&C++进行模板匹配 (1)','使用OpenCV&&C++进行模板匹配 (1)课程啊，真滴好啊','https://dn-simplecloud.shiyanlou.com/1481511769551.png',36979,1,1,13,2),(29,'Metasploit实现木马生成、捆绑及免杀 (1)','Metasploit实现木马生成、捆绑及免杀 (1)课程啊，真滴','https://dn-simplecloud.shiyanlou.com/1481512189119.png',88139,1,1,29,19),(30,'Python 3 实现 Markdown 解析器 (1)','Python 3 实现 Markdown 解析器 (1)课程啊，','https://dn-simplecloud.shiyanlou.com/1480644410422.png',63420,1,1,24,4),(31,'新手指南之玩转实验楼 (2)','新手指南之玩转实验楼 (2)课程啊，真滴好啊','https://dn-simplecloud.shiyanlou.com/ncn63.jpg',1556,1,1,15,4),(32,'Linux 基础入门（新版） (2)','Linux 基础入门（新版） (2)课程啊，真滴好啊','https://dn-simplecloud.shiyanlou.com/ncn1.jpg',77952,1,2,31,21),(33,'Kali 渗透测试 - 后门技术实战（10个实验） (2)','Kali 渗透测试 - 后门技术实战（10个实验） (2)课程啊','https://dn-simplecloud.shiyanlou.com/1480389303324.png',70789,1,2,28,16),(34,'Kali 渗透测试 - Web 应用攻击实战 (2)','Kali 渗透测试 - Web 应用攻击实战 (2)课程啊，真滴','https://dn-simplecloud.shiyanlou.com/1480389165511.png',12094,1,2,19,1),(35,'使用OpenCV进行图片平滑处理打造模糊效果 (2)','使用OpenCV进行图片平滑处理打造模糊效果 (2)课程啊，真滴','https://dn-simplecloud.shiyanlou.com/1482113947345.png',68034,1,2,19,6),(36,'使用 Python 解数学方程 (2)','使用 Python 解数学方程 (2)课程啊，真滴好啊','https://dn-simplecloud.shiyanlou.com/1482807365470.png',80749,1,2,23,17),(37,'跟我一起来玩转Makefile (2)','跟我一起来玩转Makefile (2)课程啊，真滴好啊','https://dn-simplecloud.shiyanlou.com/1482215587606.png',53554,1,2,31,16),(38,'Kali 渗透测试 - 服务器攻击实战（20个实验） (2)','Kali 渗透测试 - 服务器攻击实战（20个实验） (2)课程','https://dn-simplecloud.shiyanlou.com/1480386391850.png',11689,1,2,32,20),(39,'手把手教你实现 Google 拓展插件 (2)','手把手教你实现 Google 拓展插件 (2)课程啊，真滴好啊','https://dn-simplecloud.shiyanlou.com/1482113981000.png',39654,1,2,20,24),(40,'DVWA之暴力破解攻击 (2)','DVWA之暴力破解攻击 (2)课程啊，真滴好啊','https://dn-simplecloud.shiyanlou.com/1482113522578.png',1637,1,2,30,9),(41,'Python3实现简单的FTP认证服务器 (2)','Python3实现简单的FTP认证服务器 (2)课程啊，真滴好啊','https://dn-simplecloud.shiyanlou.com/1482113485097.png',20320,1,2,27,13),(42,'SQLAlchemy 基础教程 (2)','SQLAlchemy 基础教程 (2)课程啊，真滴好啊','https://dn-simplecloud.shiyanlou.com/1481689616072.png',59675,1,2,14,15),(43,'使用OpenCV&&C++进行模板匹配 (2)','使用OpenCV&&C++进行模板匹配 (2)课程啊，真滴好啊','https://dn-simplecloud.shiyanlou.com/1481511769551.png',87790,1,2,30,14),(44,'Metasploit实现木马生成、捆绑及免杀 (2)','Metasploit实现木马生成、捆绑及免杀 (2)课程啊，真滴','https://dn-simplecloud.shiyanlou.com/1481512189119.png',31708,1,2,19,26),(45,'Python 3 实现 Markdown 解析器 (2)','Python 3 实现 Markdown 解析器 (2)课程啊，','https://dn-simplecloud.shiyanlou.com/1480644410422.png',65751,1,2,8,12),(46,'新手指南之玩转实验楼 (3)','新手指南之玩转实验楼 (3)课程啊，真滴好啊','https://dn-simplecloud.shiyanlou.com/ncn63.jpg',12251,1,2,31,9),(47,'Linux 基础入门（新版） (3)','Linux 基础入门（新版） (3)课程啊，真滴好啊','https://dn-simplecloud.shiyanlou.com/ncn1.jpg',2789,1,2,20,20),(48,'Kali 渗透测试 - 后门技术实战（10个实验） (3)','Kali 渗透测试 - 后门技术实战（10个实验） (3)课程啊','https://dn-simplecloud.shiyanlou.com/1480389303324.png',88139,1,3,23,1),(49,'Kali 渗透测试 - Web 应用攻击实战 (3)','Kali 渗透测试 - Web 应用攻击实战 (3)课程啊，真滴','https://dn-simplecloud.shiyanlou.com/1480389165511.png',37635,1,3,7,18),(50,'使用OpenCV进行图片平滑处理打造模糊效果 (3)','使用OpenCV进行图片平滑处理打造模糊效果 (3)课程啊，真滴','https://dn-simplecloud.shiyanlou.com/1482113947345.png',79945,1,3,20,1),(51,'使用 Python 解数学方程 (3)','使用 Python 解数学方程 (3)课程啊，真滴好啊','https://dn-simplecloud.shiyanlou.com/1482807365470.png',65555,1,3,12,2),(52,'跟我一起来玩转Makefile (3)','跟我一起来玩转Makefile (3)课程啊，真滴好啊','https://dn-simplecloud.shiyanlou.com/1482215587606.png',84483,1,3,31,16),(53,'Kali 渗透测试 - 服务器攻击实战（20个实验） (3)','Kali 渗透测试 - 服务器攻击实战（20个实验） (3)课程','https://dn-simplecloud.shiyanlou.com/1480386391850.png',2576,1,3,24,26),(54,'手把手教你实现 Google 拓展插件 (3)','手把手教你实现 Google 拓展插件 (3)课程啊，真滴好啊','https://dn-simplecloud.shiyanlou.com/1482113981000.png',87969,1,3,32,16),(55,'DVWA之暴力破解攻击 (3)','DVWA之暴力破解攻击 (3)课程啊，真滴好啊','https://dn-simplecloud.shiyanlou.com/1482113522578.png',91992,1,3,19,13),(56,'Python3实现简单的FTP认证服务器 (3)','Python3实现简单的FTP认证服务器 (3)课程啊，真滴好啊','https://dn-simplecloud.shiyanlou.com/1482113485097.png',63611,1,3,27,7),(57,'SQLAlchemy 基础教程 (3)','SQLAlchemy 基础教程 (3)课程啊，真滴好啊','https://dn-simplecloud.shiyanlou.com/1481689616072.png',32308,1,1,28,21),(58,'使用OpenCV&&C++进行模板匹配 (3)','使用OpenCV&&C++进行模板匹配 (3)课程啊，真滴好啊','https://dn-simplecloud.shiyanlou.com/1481511769551.png',31392,1,1,25,8),(59,'Metasploit实现木马生成、捆绑及免杀 (3)','Metasploit实现木马生成、捆绑及免杀 (3)课程啊，真滴','https://dn-simplecloud.shiyanlou.com/1481512189119.png',84381,1,1,19,17),(60,'Python 3 实现 Markdown 解析器 (3)','Python 3 实现 Markdown 解析器 (3)课程啊，','https://dn-simplecloud.shiyanlou.com/1480644410422.png',35951,1,1,29,19),(61,'新手指南之玩转实验楼 (4)','新手指南之玩转实验楼 (4)课程啊，真滴好啊','https://dn-simplecloud.shiyanlou.com/ncn63.jpg',13701,1,1,29,3),(62,'Linux 基础入门（新版） (4)','Linux 基础入门（新版） (4)课程啊，真滴好啊','https://dn-simplecloud.shiyanlou.com/ncn1.jpg',83240,1,1,13,8),(63,'Kali 渗透测试 - 后门技术实战（10个实验） (4)','Kali 渗透测试 - 后门技术实战（10个实验） (4)课程啊','https://dn-simplecloud.shiyanlou.com/1480389303324.png',81714,1,1,19,6),(64,'Kali 渗透测试 - Web 应用攻击实战 (4)','Kali 渗透测试 - Web 应用攻击实战 (4)课程啊，真滴','https://dn-simplecloud.shiyanlou.com/1480389165511.png',26769,1,1,9,15),(65,'使用OpenCV进行图片平滑处理打造模糊效果 (4)','使用OpenCV进行图片平滑处理打造模糊效果 (4)课程啊，真滴','https://dn-simplecloud.shiyanlou.com/1482113947345.png',87027,1,1,19,8),(66,'使用 Python 解数学方程 (4)','使用 Python 解数学方程 (4)课程啊，真滴好啊','https://dn-simplecloud.shiyanlou.com/1482807365470.png',63484,1,1,26,22),(67,'跟我一起来玩转Makefile (4)','跟我一起来玩转Makefile (4)课程啊，真滴好啊','https://dn-simplecloud.shiyanlou.com/1482215587606.png',1950,1,1,14,24),(68,'Kali 渗透测试 - 服务器攻击实战（20个实验） (4)','Kali 渗透测试 - 服务器攻击实战（20个实验） (4)课程','https://dn-simplecloud.shiyanlou.com/1480386391850.png',71921,1,1,21,10),(69,'手把手教你实现 Google 拓展插件 (4)','手把手教你实现 Google 拓展插件 (4)课程啊，真滴好啊','https://dn-simplecloud.shiyanlou.com/1482113981000.png',67566,1,1,27,18),(70,'DVWA之暴力破解攻击 (4)','DVWA之暴力破解攻击 (4)课程啊，真滴好啊','https://dn-simplecloud.shiyanlou.com/1482113522578.png',75512,1,1,29,13),(71,'Python3实现简单的FTP认证服务器 (4)','Python3实现简单的FTP认证服务器 (4)课程啊，真滴好啊','https://dn-simplecloud.shiyanlou.com/1482113485097.png',52642,1,1,11,9),(72,'SQLAlchemy 基础教程 (4)','SQLAlchemy 基础教程 (4)课程啊，真滴好啊','https://dn-simplecloud.shiyanlou.com/1481689616072.png',40845,1,1,26,16),(73,'使用OpenCV&&C++进行模板匹配 (4)','使用OpenCV&&C++进行模板匹配 (4)课程啊，真滴好啊','https://dn-simplecloud.shiyanlou.com/1481511769551.png',68886,1,1,12,8),(74,'Metasploit实现木马生成、捆绑及免杀 (4)','Metasploit实现木马生成、捆绑及免杀 (4)课程啊，真滴','https://dn-simplecloud.shiyanlou.com/1481512189119.png',42092,1,1,7,6),(75,'Python 3 实现 Markdown 解析器 (4)','Python 3 实现 Markdown 解析器 (4)课程啊，','https://dn-simplecloud.shiyanlou.com/1480644410422.png',58844,1,1,20,25),(76,'新手指南之玩转实验楼 (5)','新手指南之玩转实验楼 (5)课程啊，真滴好啊','https://dn-simplecloud.shiyanlou.com/ncn63.jpg',75957,1,1,22,7),(77,'Linux 基础入门（新版） (5)','Linux 基础入门（新版） (5)课程啊，真滴好啊','https://dn-simplecloud.shiyanlou.com/ncn1.jpg',21938,1,1,27,5),(78,'Kali 渗透测试 - 后门技术实战（10个实验） (5)','Kali 渗透测试 - 后门技术实战（10个实验） (5)课程啊','https://dn-simplecloud.shiyanlou.com/1480389303324.png',86639,1,1,23,13),(79,'Kali 渗透测试 - Web 应用攻击实战 (5)','Kali 渗透测试 - Web 应用攻击实战 (5)课程啊，真滴','https://dn-simplecloud.shiyanlou.com/1480389165511.png',49578,1,1,30,4),(80,'使用OpenCV进行图片平滑处理打造模糊效果 (5)','使用OpenCV进行图片平滑处理打造模糊效果 (5)课程啊，真滴','https://dn-simplecloud.shiyanlou.com/1482113947345.png',88394,1,1,8,25),(81,'使用 Python 解数学方程 (5)','使用 Python 解数学方程 (5)课程啊，真滴好啊','https://dn-simplecloud.shiyanlou.com/1482807365470.png',25333,1,1,15,15),(82,'跟我一起来玩转Makefile (5)','跟我一起来玩转Makefile (5)课程啊，真滴好啊','https://dn-simplecloud.shiyanlou.com/1482215587606.png',42606,1,1,31,13),(83,'Kali 渗透测试 - 服务器攻击实战（20个实验） (5)','Kali 渗透测试 - 服务器攻击实战（20个实验） (5)课程','https://dn-simplecloud.shiyanlou.com/1480386391850.png',5620,1,1,15,6),(84,'手把手教你实现 Google 拓展插件 (5)','手把手教你实现 Google 拓展插件 (5)课程啊，真滴好啊','https://dn-simplecloud.shiyanlou.com/1482113981000.png',55060,1,1,13,11),(85,'DVWA之暴力破解攻击 (5)','DVWA之暴力破解攻击 (5)课程啊，真滴好啊','https://dn-simplecloud.shiyanlou.com/1482113522578.png',96083,1,1,20,21),(86,'Python3实现简单的FTP认证服务器 (5)','Python3实现简单的FTP认证服务器 (5)课程啊，真滴好啊','https://dn-simplecloud.shiyanlou.com/1482113485097.png',22632,1,1,15,21),(87,'SQLAlchemy 基础教程 (5)','SQLAlchemy 基础教程 (5)课程啊，真滴好啊','https://dn-simplecloud.shiyanlou.com/1481689616072.png',79762,1,1,17,20),(88,'使用OpenCV&&C++进行模板匹配 (5)','使用OpenCV&&C++进行模板匹配 (5)课程啊，真滴好啊','https://dn-simplecloud.shiyanlou.com/1481511769551.png',26183,1,1,25,2),(89,'Metasploit实现木马生成、捆绑及免杀 (5)','Metasploit实现木马生成、捆绑及免杀 (5)课程啊，真滴','https://dn-simplecloud.shiyanlou.com/1481512189119.png',86174,1,1,31,17),(90,'Python 3 实现 Markdown 解析器 (5)','Python 3 实现 Markdown 解析器 (5)课程啊，','https://dn-simplecloud.shiyanlou.com/1480644410422.png',31353,1,1,28,3),(91,'新手指南之玩转实验楼 (6)','新手指南之玩转实验楼 (6)课程啊，真滴好啊','https://dn-simplecloud.shiyanlou.com/ncn63.jpg',5532,1,1,17,7),(92,'Linux 基础入门（新版） (6)','Linux 基础入门（新版） (6)课程啊，真滴好啊','https://dn-simplecloud.shiyanlou.com/ncn1.jpg',67386,1,1,13,17),(93,'Kali 渗透测试 - 后门技术实战（10个实验） (6)','Kali 渗透测试 - 后门技术实战（10个实验） (6)课程啊','https://dn-simplecloud.shiyanlou.com/1480389303324.png',77315,1,1,16,12),(94,'Kali 渗透测试 - Web 应用攻击实战 (6)','Kali 渗透测试 - Web 应用攻击实战 (6)课程啊，真滴','https://dn-simplecloud.shiyanlou.com/1480389165511.png',95434,1,1,18,8),(95,'使用OpenCV进行图片平滑处理打造模糊效果 (6)','使用OpenCV进行图片平滑处理打造模糊效果 (6)课程啊，真滴','https://dn-simplecloud.shiyanlou.com/1482113947345.png',20375,1,1,29,26),(96,'使用 Python 解数学方程 (6)','使用 Python 解数学方程 (6)课程啊，真滴好啊','https://dn-simplecloud.shiyanlou.com/1482807365470.png',97933,1,1,23,22),(97,'跟我一起来玩转Makefile (6)','跟我一起来玩转Makefile (6)课程啊，真滴好啊','https://dn-simplecloud.shiyanlou.com/1482215587606.png',66432,1,1,14,15),(98,'Kali 渗透测试 - 服务器攻击实战（20个实验） (6)','Kali 渗透测试 - 服务器攻击实战（20个实验） (6)课程','https://dn-simplecloud.shiyanlou.com/1480386391850.png',98131,1,1,29,7),(99,'手把手教你实现 Google 拓展插件 (6)','手把手教你实现 Google 拓展插件 (6)课程啊，真滴好啊','https://dn-simplecloud.shiyanlou.com/1482113981000.png',27730,1,1,28,6),(100,'DVWA之暴力破解攻击 (6)','DVWA之暴力破解攻击 (6)课程啊，真滴好啊','https://dn-simplecloud.shiyanlou.com/1482113522578.png',94229,1,1,13,22),(101,'Python3实现简单的FTP认证服务器 (6)','Python3实现简单的FTP认证服务器 (6)课程啊，真滴好啊','https://dn-simplecloud.shiyanlou.com/1482113485097.png',45441,1,1,12,21),(102,'SQLAlchemy 基础教程 (6)','SQLAlchemy 基础教程 (6)课程啊，真滴好啊','https://dn-simplecloud.shiyanlou.com/1481689616072.png',44153,1,1,28,25),(103,'使用OpenCV&&C++进行模板匹配 (6)','使用OpenCV&&C++进行模板匹配 (6)课程啊，真滴好啊','https://dn-simplecloud.shiyanlou.com/1481511769551.png',35483,1,1,23,23),(104,'Metasploit实现木马生成、捆绑及免杀 (6)','Metasploit实现木马生成、捆绑及免杀 (6)课程啊，真滴','https://dn-simplecloud.shiyanlou.com/1481512189119.png',76486,1,1,9,20),(105,'Python 3 实现 Markdown 解析器 (6)','Python 3 实现 Markdown 解析器 (6)课程啊，','https://dn-simplecloud.shiyanlou.com/1480644410422.png',90726,1,1,12,6),(106,'新手指南之玩转实验楼 (7)','新手指南之玩转实验楼 (7)课程啊，真滴好啊','https://dn-simplecloud.shiyanlou.com/ncn63.jpg',29527,1,1,14,2),(107,'Linux 基础入门（新版） (7)','Linux 基础入门（新版） (7)课程啊，真滴好啊','https://dn-simplecloud.shiyanlou.com/ncn1.jpg',39965,1,1,24,10),(108,'Kali 渗透测试 - 后门技术实战（10个实验） (7)','Kali 渗透测试 - 后门技术实战（10个实验） (7)课程啊','https://dn-simplecloud.shiyanlou.com/1480389303324.png',16915,1,1,11,18),(109,'Kali 渗透测试 - Web 应用攻击实战 (7)','Kali 渗透测试 - Web 应用攻击实战 (7)课程啊，真滴','https://dn-simplecloud.shiyanlou.com/1480389165511.png',11637,1,1,19,24),(110,'使用OpenCV进行图片平滑处理打造模糊效果 (7)','使用OpenCV进行图片平滑处理打造模糊效果 (7)课程啊，真滴','https://dn-simplecloud.shiyanlou.com/1482113947345.png',12209,1,1,32,11),(111,'使用 Python 解数学方程 (7)','使用 Python 解数学方程 (7)课程啊，真滴好啊','https://dn-simplecloud.shiyanlou.com/1482807365470.png',84612,1,1,9,15),(112,'跟我一起来玩转Makefile (7)','跟我一起来玩转Makefile (7)课程啊，真滴好啊','https://dn-simplecloud.shiyanlou.com/1482215587606.png',19810,1,1,12,18),(113,'Kali 渗透测试 - 服务器攻击实战（20个实验） (7)','Kali 渗透测试 - 服务器攻击实战（20个实验） (7)课程','https://dn-simplecloud.shiyanlou.com/1480386391850.png',19106,1,1,32,15),(114,'手把手教你实现 Google 拓展插件 (7)','手把手教你实现 Google 拓展插件 (7)课程啊，真滴好啊','https://dn-simplecloud.shiyanlou.com/1482113981000.png',22031,1,1,27,1),(115,'DVWA之暴力破解攻击 (7)','DVWA之暴力破解攻击 (7)课程啊，真滴好啊','https://dn-simplecloud.shiyanlou.com/1482113522578.png',16448,1,1,13,6),(116,'Python3实现简单的FTP认证服务器 (7)','Python3实现简单的FTP认证服务器 (7)课程啊，真滴好啊','https://dn-simplecloud.shiyanlou.com/1482113485097.png',69738,1,1,21,22),(117,'SQLAlchemy 基础教程 (7)','SQLAlchemy 基础教程 (7)课程啊，真滴好啊','https://dn-simplecloud.shiyanlou.com/1481689616072.png',15189,1,1,20,16),(118,'使用OpenCV&&C++进行模板匹配 (7)','使用OpenCV&&C++进行模板匹配 (7)课程啊，真滴好啊','https://dn-simplecloud.shiyanlou.com/1481511769551.png',37374,1,1,13,8),(119,'Metasploit实现木马生成、捆绑及免杀 (7)','Metasploit实现木马生成、捆绑及免杀 (7)课程啊，真滴','https://dn-simplecloud.shiyanlou.com/1481512189119.png',89358,1,1,26,8),(120,'Python 3 实现 Markdown 解析器 (7)','Python 3 实现 Markdown 解析器 (7)课程啊，','https://dn-simplecloud.shiyanlou.com/1480644410422.png',68317,1,1,24,18),(121,'新手指南之玩转实验楼 (8)','新手指南之玩转实验楼 (8)课程啊，真滴好啊','https://dn-simplecloud.shiyanlou.com/ncn63.jpg',4071,1,1,27,16),(122,'Linux 基础入门（新版） (8)','Linux 基础入门（新版） (8)课程啊，真滴好啊','https://dn-simplecloud.shiyanlou.com/ncn1.jpg',75945,1,1,13,15),(123,'Kali 渗透测试 - 后门技术实战（10个实验） (8)','Kali 渗透测试 - 后门技术实战（10个实验） (8)课程啊','https://dn-simplecloud.shiyanlou.com/1480389303324.png',26062,1,1,22,11),(124,'Kali 渗透测试 - Web 应用攻击实战 (8)','Kali 渗透测试 - Web 应用攻击实战 (8)课程啊，真滴','https://dn-simplecloud.shiyanlou.com/1480389165511.png',33635,1,1,22,11),(125,'使用OpenCV进行图片平滑处理打造模糊效果 (8)','使用OpenCV进行图片平滑处理打造模糊效果 (8)课程啊，真滴','https://dn-simplecloud.shiyanlou.com/1482113947345.png',2841,1,1,13,11),(126,'使用 Python 解数学方程 (8)','使用 Python 解数学方程 (8)课程啊，真滴好啊','https://dn-simplecloud.shiyanlou.com/1482807365470.png',90016,1,1,15,8),(127,'跟我一起来玩转Makefile (8)','跟我一起来玩转Makefile (8)课程啊，真滴好啊','https://dn-simplecloud.shiyanlou.com/1482215587606.png',42162,1,1,23,19),(128,'Kali 渗透测试 - 服务器攻击实战（20个实验） (8)','Kali 渗透测试 - 服务器攻击实战（20个实验） (8)课程','https://dn-simplecloud.shiyanlou.com/1480386391850.png',59819,1,1,9,11),(129,'手把手教你实现 Google 拓展插件 (8)','手把手教你实现 Google 拓展插件 (8)课程啊，真滴好啊','https://dn-simplecloud.shiyanlou.com/1482113981000.png',79162,1,1,7,19),(130,'DVWA之暴力破解攻击 (8)','DVWA之暴力破解攻击 (8)课程啊，真滴好啊','https://dn-simplecloud.shiyanlou.com/1482113522578.png',70110,1,1,10,4),(131,'Python3实现简单的FTP认证服务器 (8)','Python3实现简单的FTP认证服务器 (8)课程啊，真滴好啊','https://dn-simplecloud.shiyanlou.com/1482113485097.png',94575,1,1,19,5),(132,'SQLAlchemy 基础教程 (8)','SQLAlchemy 基础教程 (8)课程啊，真滴好啊','https://dn-simplecloud.shiyanlou.com/1481689616072.png',11861,1,1,26,1),(133,'使用OpenCV&&C++进行模板匹配 (8)','使用OpenCV&&C++进行模板匹配 (8)课程啊，真滴好啊','https://dn-simplecloud.shiyanlou.com/1481511769551.png',2603,1,1,29,5),(134,'Metasploit实现木马生成、捆绑及免杀 (8)','Metasploit实现木马生成、捆绑及免杀 (8)课程啊，真滴','https://dn-simplecloud.shiyanlou.com/1481512189119.png',59475,1,1,18,2),(135,'Python 3 实现 Markdown 解析器 (8)','Python 3 实现 Markdown 解析器 (8)课程啊，','https://dn-simplecloud.shiyanlou.com/1480644410422.png',34971,1,1,22,23),(136,'新手指南之玩转实验楼 (9)','新手指南之玩转实验楼 (9)课程啊，真滴好啊','https://dn-simplecloud.shiyanlou.com/ncn63.jpg',9213,1,1,11,9),(137,'Linux 基础入门（新版） (9)','Linux 基础入门（新版） (9)课程啊，真滴好啊','https://dn-simplecloud.shiyanlou.com/ncn1.jpg',401,1,1,22,24),(138,'Kali 渗透测试 - 后门技术实战（10个实验） (9)','Kali 渗透测试 - 后门技术实战（10个实验） (9)课程啊','https://dn-simplecloud.shiyanlou.com/1480389303324.png',61775,1,1,25,16),(139,'Kali 渗透测试 - Web 应用攻击实战 (9)','Kali 渗透测试 - Web 应用攻击实战 (9)课程啊，真滴','https://dn-simplecloud.shiyanlou.com/1480389165511.png',38301,1,1,20,15),(140,'使用OpenCV进行图片平滑处理打造模糊效果 (9)','使用OpenCV进行图片平滑处理打造模糊效果 (9)课程啊，真滴','https://dn-simplecloud.shiyanlou.com/1482113947345.png',83784,1,1,25,24),(141,'使用 Python 解数学方程 (9)','使用 Python 解数学方程 (9)课程啊，真滴好啊','https://dn-simplecloud.shiyanlou.com/1482807365470.png',58820,1,1,10,12),(142,'跟我一起来玩转Makefile (9)','跟我一起来玩转Makefile (9)课程啊，真滴好啊','https://dn-simplecloud.shiyanlou.com/1482215587606.png',63929,1,1,18,21),(143,'Kali 渗透测试 - 服务器攻击实战（20个实验） (9)','Kali 渗透测试 - 服务器攻击实战（20个实验） (9)课程','https://dn-simplecloud.shiyanlou.com/1480386391850.png',15706,1,1,25,13),(144,'手把手教你实现 Google 拓展插件 (9)','手把手教你实现 Google 拓展插件 (9)课程啊，真滴好啊','https://dn-simplecloud.shiyanlou.com/1482113981000.png',94692,1,1,29,15),(145,'DVWA之暴力破解攻击 (9)','DVWA之暴力破解攻击 (9)课程啊，真滴好啊','https://dn-simplecloud.shiyanlou.com/1482113522578.png',76461,1,1,31,6),(146,'Python3实现简单的FTP认证服务器 (9)','Python3实现简单的FTP认证服务器 (9)课程啊，真滴好啊','https://dn-simplecloud.shiyanlou.com/1482113485097.png',31643,1,1,28,10),(147,'SQLAlchemy 基础教程 (9)','SQLAlchemy 基础教程 (9)课程啊，真滴好啊','https://dn-simplecloud.shiyanlou.com/1481689616072.png',19334,1,1,18,12),(148,'使用OpenCV&&C++进行模板匹配 (9)','使用OpenCV&&C++进行模板匹配 (9)课程啊，真滴好啊','https://dn-simplecloud.shiyanlou.com/1481511769551.png',65108,1,1,17,12),(149,'Metasploit实现木马生成、捆绑及免杀 (9)','Metasploit实现木马生成、捆绑及免杀 (9)课程啊，真滴','https://dn-simplecloud.shiyanlou.com/1481512189119.png',62497,1,1,13,12),(150,'Python 3 实现 Markdown 解析器 (9)','Python 3 实现 Markdown 解析器 (9)课程啊，','https://dn-simplecloud.shiyanlou.com/1480644410422.png',7675,1,1,15,13),(151,'新手指南之玩转实验楼 (10)','新手指南之玩转实验楼 (10)课程啊，真滴好啊','https://dn-simplecloud.shiyanlou.com/ncn63.jpg',46693,1,1,21,20),(152,'Linux 基础入门（新版） (10)','Linux 基础入门（新版） (10)课程啊，真滴好啊','https://dn-simplecloud.shiyanlou.com/ncn1.jpg',7122,1,1,25,16),(153,'Kali 渗透测试 - 后门技术实战（10个实验） (10)','Kali 渗透测试 - 后门技术实战（10个实验） (10)课程','https://dn-simplecloud.shiyanlou.com/1480389303324.png',6644,1,1,27,26),(154,'Kali 渗透测试 - Web 应用攻击实战 (10)','Kali 渗透测试 - Web 应用攻击实战 (10)课程啊，真','https://dn-simplecloud.shiyanlou.com/1480389165511.png',99392,1,1,8,9),(155,'使用OpenCV进行图片平滑处理打造模糊效果 (10)','使用OpenCV进行图片平滑处理打造模糊效果 (10)课程啊，真','https://dn-simplecloud.shiyanlou.com/1482113947345.png',88215,1,1,15,14),(156,'使用 Python 解数学方程 (10)','使用 Python 解数学方程 (10)课程啊，真滴好啊','https://dn-simplecloud.shiyanlou.com/1482807365470.png',48892,1,1,23,26),(157,'跟我一起来玩转Makefile (10)','跟我一起来玩转Makefile (10)课程啊，真滴好啊','https://dn-simplecloud.shiyanlou.com/1482215587606.png',60204,1,1,22,4),(158,'Kali 渗透测试 - 服务器攻击实战（20个实验） (10)','Kali 渗透测试 - 服务器攻击实战（20个实验） (10)课','https://dn-simplecloud.shiyanlou.com/1480386391850.png',40323,1,1,31,22),(159,'手把手教你实现 Google 拓展插件 (10)','手把手教你实现 Google 拓展插件 (10)课程啊，真滴好啊','https://dn-simplecloud.shiyanlou.com/1482113981000.png',57130,1,1,25,19),(160,'DVWA之暴力破解攻击 (10)','DVWA之暴力破解攻击 (10)课程啊，真滴好啊','https://dn-simplecloud.shiyanlou.com/1482113522578.png',358,1,1,28,15),(161,'Python3实现简单的FTP认证服务器 (10)','Python3实现简单的FTP认证服务器 (10)课程啊，真滴好','https://dn-simplecloud.shiyanlou.com/1482113485097.png',84028,1,1,16,26),(162,'SQLAlchemy 基础教程 (10)','SQLAlchemy 基础教程 (10)课程啊，真滴好啊','https://dn-simplecloud.shiyanlou.com/1481689616072.png',32714,1,1,18,24),(163,'使用OpenCV&&C++进行模板匹配 (10)','使用OpenCV&&C++进行模板匹配 (10)课程啊，真滴好啊','https://dn-simplecloud.shiyanlou.com/1481511769551.png',45458,1,1,26,24),(164,'Metasploit实现木马生成、捆绑及免杀 (10)','Metasploit实现木马生成、捆绑及免杀 (10)课程啊，真','https://dn-simplecloud.shiyanlou.com/1481512189119.png',98247,1,1,19,10),(165,'Python 3 实现 Markdown 解析器 (10)','Python 3 实现 Markdown 解析器 (10)课程啊','https://dn-simplecloud.shiyanlou.com/1480644410422.png',4747,1,1,9,14),(166,'新手指南之玩转实验楼 (11)','新手指南之玩转实验楼 (11)课程啊，真滴好啊','https://dn-simplecloud.shiyanlou.com/ncn63.jpg',86323,1,1,21,19),(167,'Linux 基础入门（新版） (11)','Linux 基础入门（新版） (11)课程啊，真滴好啊','https://dn-simplecloud.shiyanlou.com/ncn1.jpg',98223,1,1,19,25),(168,'Kali 渗透测试 - 后门技术实战（10个实验） (11)','Kali 渗透测试 - 后门技术实战（10个实验） (11)课程','https://dn-simplecloud.shiyanlou.com/1480389303324.png',60384,1,1,24,19),(169,'Kali 渗透测试 - Web 应用攻击实战 (11)','Kali 渗透测试 - Web 应用攻击实战 (11)课程啊，真','https://dn-simplecloud.shiyanlou.com/1480389165511.png',41968,1,1,24,1),(170,'使用OpenCV进行图片平滑处理打造模糊效果 (11)','使用OpenCV进行图片平滑处理打造模糊效果 (11)课程啊，真','https://dn-simplecloud.shiyanlou.com/1482113947345.png',78778,1,1,10,25),(171,'使用 Python 解数学方程 (11)','使用 Python 解数学方程 (11)课程啊，真滴好啊','https://dn-simplecloud.shiyanlou.com/1482807365470.png',13473,1,1,10,11),(172,'跟我一起来玩转Makefile (11)','跟我一起来玩转Makefile (11)课程啊，真滴好啊','https://dn-simplecloud.shiyanlou.com/1482215587606.png',38746,1,1,8,24),(173,'Kali 渗透测试 - 服务器攻击实战（20个实验） (11)','Kali 渗透测试 - 服务器攻击实战（20个实验） (11)课','https://dn-simplecloud.shiyanlou.com/1480386391850.png',67677,1,1,31,21),(174,'手把手教你实现 Google 拓展插件 (11)','手把手教你实现 Google 拓展插件 (11)课程啊，真滴好啊','https://dn-simplecloud.shiyanlou.com/1482113981000.png',42264,1,1,16,11),(175,'DVWA之暴力破解攻击 (11)','DVWA之暴力破解攻击 (11)课程啊，真滴好啊','https://dn-simplecloud.shiyanlou.com/1482113522578.png',46719,1,1,29,1),(176,'Python3实现简单的FTP认证服务器 (11)','Python3实现简单的FTP认证服务器 (11)课程啊，真滴好','https://dn-simplecloud.shiyanlou.com/1482113485097.png',4720,1,1,15,6),(177,'SQLAlchemy 基础教程 (11)','SQLAlchemy 基础教程 (11)课程啊，真滴好啊','https://dn-simplecloud.shiyanlou.com/1481689616072.png',96808,1,1,27,5),(178,'使用OpenCV&&C++进行模板匹配 (11)','使用OpenCV&&C++进行模板匹配 (11)课程啊，真滴好啊','https://dn-simplecloud.shiyanlou.com/1481511769551.png',11367,1,1,10,10),(179,'Metasploit实现木马生成、捆绑及免杀 (11)','Metasploit实现木马生成、捆绑及免杀 (11)课程啊，真','https://dn-simplecloud.shiyanlou.com/1481512189119.png',13767,1,1,26,20),(180,'Python 3 实现 Markdown 解析器 (11)','Python 3 实现 Markdown 解析器 (11)课程啊','https://dn-simplecloud.shiyanlou.com/1480644410422.png',67484,1,1,26,14),(181,'新手指南之玩转实验楼 (12)','新手指南之玩转实验楼 (12)课程啊，真滴好啊','https://dn-simplecloud.shiyanlou.com/ncn63.jpg',45288,1,1,31,8),(182,'Linux 基础入门（新版） (12)','Linux 基础入门（新版） (12)课程啊，真滴好啊','https://dn-simplecloud.shiyanlou.com/ncn1.jpg',15356,1,1,15,12),(183,'Kali 渗透测试 - 后门技术实战（10个实验） (12)','Kali 渗透测试 - 后门技术实战（10个实验） (12)课程','https://dn-simplecloud.shiyanlou.com/1480389303324.png',54726,1,1,30,17),(184,'Kali 渗透测试 - Web 应用攻击实战 (12)','Kali 渗透测试 - Web 应用攻击实战 (12)课程啊，真','https://dn-simplecloud.shiyanlou.com/1480389165511.png',53142,1,1,8,20),(185,'使用OpenCV进行图片平滑处理打造模糊效果 (12)','使用OpenCV进行图片平滑处理打造模糊效果 (12)课程啊，真','https://dn-simplecloud.shiyanlou.com/1482113947345.png',42099,1,1,24,2),(186,'使用 Python 解数学方程 (12)','使用 Python 解数学方程 (12)课程啊，真滴好啊','https://dn-simplecloud.shiyanlou.com/1482807365470.png',34255,1,1,26,17),(187,'跟我一起来玩转Makefile (12)','跟我一起来玩转Makefile (12)课程啊，真滴好啊','https://dn-simplecloud.shiyanlou.com/1482215587606.png',85007,1,1,31,21),(188,'Kali 渗透测试 - 服务器攻击实战（20个实验） (12)','Kali 渗透测试 - 服务器攻击实战（20个实验） (12)课','https://dn-simplecloud.shiyanlou.com/1480386391850.png',64760,1,1,31,23),(189,'手把手教你实现 Google 拓展插件 (12)','手把手教你实现 Google 拓展插件 (12)课程啊，真滴好啊','https://dn-simplecloud.shiyanlou.com/1482113981000.png',68803,1,1,17,22),(190,'DVWA之暴力破解攻击 (12)','DVWA之暴力破解攻击 (12)课程啊，真滴好啊','https://dn-simplecloud.shiyanlou.com/1482113522578.png',17022,1,1,25,17),(191,'Python3实现简单的FTP认证服务器 (12)','Python3实现简单的FTP认证服务器 (12)课程啊，真滴好','https://dn-simplecloud.shiyanlou.com/1482113485097.png',43553,1,1,13,23),(192,'SQLAlchemy 基础教程 (12)','SQLAlchemy 基础教程 (12)课程啊，真滴好啊','https://dn-simplecloud.shiyanlou.com/1481689616072.png',2123,1,1,23,10),(193,'使用OpenCV&&C++进行模板匹配 (12)','使用OpenCV&&C++进行模板匹配 (12)课程啊，真滴好啊','https://dn-simplecloud.shiyanlou.com/1481511769551.png',2216,1,1,11,23),(194,'Metasploit实现木马生成、捆绑及免杀 (12)','Metasploit实现木马生成、捆绑及免杀 (12)课程啊，真','https://dn-simplecloud.shiyanlou.com/1481512189119.png',29786,1,1,14,12),(195,'Python 3 实现 Markdown 解析器 (12)','Python 3 实现 Markdown 解析器 (12)课程啊','https://dn-simplecloud.shiyanlou.com/1480644410422.png',45133,1,1,28,18),(196,'新手指南之玩转实验楼 (13)','新手指南之玩转实验楼 (13)课程啊，真滴好啊','https://dn-simplecloud.shiyanlou.com/ncn63.jpg',750,1,1,26,10),(197,'Linux 基础入门（新版） (13)','Linux 基础入门（新版） (13)课程啊，真滴好啊','https://dn-simplecloud.shiyanlou.com/ncn1.jpg',69769,1,1,27,3),(198,'Kali 渗透测试 - 后门技术实战（10个实验） (13)','Kali 渗透测试 - 后门技术实战（10个实验） (13)课程','https://dn-simplecloud.shiyanlou.com/1480389303324.png',50290,1,1,11,23),(199,'Kali 渗透测试 - Web 应用攻击实战 (13)','Kali 渗透测试 - Web 应用攻击实战 (13)课程啊，真','https://dn-simplecloud.shiyanlou.com/1480389165511.png',93830,1,1,7,22),(200,'使用OpenCV进行图片平滑处理打造模糊效果 (13)','使用OpenCV进行图片平滑处理打造模糊效果 (13)课程啊，真','https://dn-simplecloud.shiyanlou.com/1482113947345.png',53081,1,1,28,19),(201,'使用 Python 解数学方程 (13)','使用 Python 解数学方程 (13)课程啊，真滴好啊','https://dn-simplecloud.shiyanlou.com/1482807365470.png',82971,1,1,24,19),(202,'跟我一起来玩转Makefile (13)','跟我一起来玩转Makefile (13)课程啊，真滴好啊','https://dn-simplecloud.shiyanlou.com/1482215587606.png',37233,1,1,26,15),(203,'Kali 渗透测试 - 服务器攻击实战（20个实验） (13)','Kali 渗透测试 - 服务器攻击实战（20个实验） (13)课','https://dn-simplecloud.shiyanlou.com/1480386391850.png',69317,1,1,32,4),(204,'手把手教你实现 Google 拓展插件 (13)','手把手教你实现 Google 拓展插件 (13)课程啊，真滴好啊','https://dn-simplecloud.shiyanlou.com/1482113981000.png',178,1,1,9,25),(205,'DVWA之暴力破解攻击 (13)','DVWA之暴力破解攻击 (13)课程啊，真滴好啊','https://dn-simplecloud.shiyanlou.com/1482113522578.png',49180,1,1,22,2),(206,'Python3实现简单的FTP认证服务器 (13)','Python3实现简单的FTP认证服务器 (13)课程啊，真滴好','https://dn-simplecloud.shiyanlou.com/1482113485097.png',81297,1,1,18,5),(207,'SQLAlchemy 基础教程 (13)','SQLAlchemy 基础教程 (13)课程啊，真滴好啊','https://dn-simplecloud.shiyanlou.com/1481689616072.png',80455,1,1,13,17),(208,'使用OpenCV&&C++进行模板匹配 (13)','使用OpenCV&&C++进行模板匹配 (13)课程啊，真滴好啊','https://dn-simplecloud.shiyanlou.com/1481511769551.png',53839,1,1,30,10),(209,'Metasploit实现木马生成、捆绑及免杀 (13)','Metasploit实现木马生成、捆绑及免杀 (13)课程啊，真','https://dn-simplecloud.shiyanlou.com/1481512189119.png',93089,1,1,21,17),(210,'Python 3 实现 Markdown 解析器 (13)','Python 3 实现 Markdown 解析器 (13)课程啊','https://dn-simplecloud.shiyanlou.com/1480644410422.png',74746,1,1,29,9),(211,'新手指南之玩转实验楼 (14)','新手指南之玩转实验楼 (14)课程啊，真滴好啊','https://dn-simplecloud.shiyanlou.com/ncn63.jpg',14502,1,1,18,22),(212,'Linux 基础入门（新版） (14)','Linux 基础入门（新版） (14)课程啊，真滴好啊','https://dn-simplecloud.shiyanlou.com/ncn1.jpg',96517,1,1,13,7),(213,'Kali 渗透测试 - 后门技术实战（10个实验） (14)','Kali 渗透测试 - 后门技术实战（10个实验） (14)课程','https://dn-simplecloud.shiyanlou.com/1480389303324.png',56083,1,1,12,25),(214,'Kali 渗透测试 - Web 应用攻击实战 (14)','Kali 渗透测试 - Web 应用攻击实战 (14)课程啊，真','https://dn-simplecloud.shiyanlou.com/1480389165511.png',64933,1,1,22,20),(215,'使用OpenCV进行图片平滑处理打造模糊效果 (14)','使用OpenCV进行图片平滑处理打造模糊效果 (14)课程啊，真','https://dn-simplecloud.shiyanlou.com/1482113947345.png',54898,1,1,11,15),(216,'使用 Python 解数学方程 (14)','使用 Python 解数学方程 (14)课程啊，真滴好啊','https://dn-simplecloud.shiyanlou.com/1482807365470.png',76109,1,1,13,23),(217,'跟我一起来玩转Makefile (14)','跟我一起来玩转Makefile (14)课程啊，真滴好啊','https://dn-simplecloud.shiyanlou.com/1482215587606.png',78505,1,1,22,22),(218,'Kali 渗透测试 - 服务器攻击实战（20个实验） (14)','Kali 渗透测试 - 服务器攻击实战（20个实验） (14)课','https://dn-simplecloud.shiyanlou.com/1480386391850.png',8440,1,1,21,26),(219,'手把手教你实现 Google 拓展插件 (14)','手把手教你实现 Google 拓展插件 (14)课程啊，真滴好啊','https://dn-simplecloud.shiyanlou.com/1482113981000.png',16063,1,1,22,7),(220,'DVWA之暴力破解攻击 (14)','DVWA之暴力破解攻击 (14)课程啊，真滴好啊','https://dn-simplecloud.shiyanlou.com/1482113522578.png',7772,1,1,24,2),(221,'Python3实现简单的FTP认证服务器 (14)','Python3实现简单的FTP认证服务器 (14)课程啊，真滴好','https://dn-simplecloud.shiyanlou.com/1482113485097.png',56618,1,1,16,11),(222,'SQLAlchemy 基础教程 (14)','SQLAlchemy 基础教程 (14)课程啊，真滴好啊','https://dn-simplecloud.shiyanlou.com/1481689616072.png',63648,1,1,22,18),(223,'使用OpenCV&&C++进行模板匹配 (14)','使用OpenCV&&C++进行模板匹配 (14)课程啊，真滴好啊','https://dn-simplecloud.shiyanlou.com/1481511769551.png',99162,1,1,20,10),(224,'Metasploit实现木马生成、捆绑及免杀 (14)','Metasploit实现木马生成、捆绑及免杀 (14)课程啊，真','https://dn-simplecloud.shiyanlou.com/1481512189119.png',89337,1,1,32,20),(225,'Python 3 实现 Markdown 解析器 (14)','Python 3 实现 Markdown 解析器 (14)课程啊','https://dn-simplecloud.shiyanlou.com/1480644410422.png',33464,1,1,32,16),(226,'新手指南之玩转实验楼 (15)','新手指南之玩转实验楼 (15)课程啊，真滴好啊','https://dn-simplecloud.shiyanlou.com/ncn63.jpg',41038,1,1,24,16),(227,'Linux 基础入门（新版） (15)','Linux 基础入门（新版） (15)课程啊，真滴好啊','https://dn-simplecloud.shiyanlou.com/ncn1.jpg',56130,1,1,11,24),(228,'Kali 渗透测试 - 后门技术实战（10个实验） (15)','Kali 渗透测试 - 后门技术实战（10个实验） (15)课程','https://dn-simplecloud.shiyanlou.com/1480389303324.png',23033,1,1,14,6),(229,'Kali 渗透测试 - Web 应用攻击实战 (15)','Kali 渗透测试 - Web 应用攻击实战 (15)课程啊，真','https://dn-simplecloud.shiyanlou.com/1480389165511.png',58329,1,1,16,18),(230,'使用OpenCV进行图片平滑处理打造模糊效果 (15)','使用OpenCV进行图片平滑处理打造模糊效果 (15)课程啊，真','https://dn-simplecloud.shiyanlou.com/1482113947345.png',61048,1,1,26,19),(231,'使用 Python 解数学方程 (15)','使用 Python 解数学方程 (15)课程啊，真滴好啊','https://dn-simplecloud.shiyanlou.com/1482807365470.png',38317,1,1,8,18),(232,'跟我一起来玩转Makefile (15)','跟我一起来玩转Makefile (15)课程啊，真滴好啊','https://dn-simplecloud.shiyanlou.com/1482215587606.png',11433,1,1,31,1),(233,'Kali 渗透测试 - 服务器攻击实战（20个实验） (15)','Kali 渗透测试 - 服务器攻击实战（20个实验） (15)课','https://dn-simplecloud.shiyanlou.com/1480386391850.png',33675,1,1,7,25),(234,'手把手教你实现 Google 拓展插件 (15)','手把手教你实现 Google 拓展插件 (15)课程啊，真滴好啊','https://dn-simplecloud.shiyanlou.com/1482113981000.png',14457,1,1,14,11),(235,'DVWA之暴力破解攻击 (15)','DVWA之暴力破解攻击 (15)课程啊，真滴好啊','https://dn-simplecloud.shiyanlou.com/1482113522578.png',60361,1,1,31,8),(236,'Python3实现简单的FTP认证服务器 (15)','Python3实现简单的FTP认证服务器 (15)课程啊，真滴好','https://dn-simplecloud.shiyanlou.com/1482113485097.png',29301,1,1,11,8),(237,'SQLAlchemy 基础教程 (15)','SQLAlchemy 基础教程 (15)课程啊，真滴好啊','https://dn-simplecloud.shiyanlou.com/1481689616072.png',36861,1,1,15,7),(238,'使用OpenCV&&C++进行模板匹配 (15)','使用OpenCV&&C++进行模板匹配 (15)课程啊，真滴好啊','https://dn-simplecloud.shiyanlou.com/1481511769551.png',75326,1,1,21,19),(239,'Metasploit实现木马生成、捆绑及免杀 (15)','Metasploit实现木马生成、捆绑及免杀 (15)课程啊，真','https://dn-simplecloud.shiyanlou.com/1481512189119.png',54894,1,1,9,21),(240,'Python 3 实现 Markdown 解析器 (15)','Python 3 实现 Markdown 解析器 (15)课程啊','https://dn-simplecloud.shiyanlou.com/1480644410422.png',47329,1,1,13,11),(241,'新手指南之玩转实验楼 (16)','新手指南之玩转实验楼 (16)课程啊，真滴好啊','https://dn-simplecloud.shiyanlou.com/ncn63.jpg',69080,1,1,24,9),(242,'Linux 基础入门（新版） (16)','Linux 基础入门（新版） (16)课程啊，真滴好啊','https://dn-simplecloud.shiyanlou.com/ncn1.jpg',90512,1,1,18,20),(243,'Kali 渗透测试 - 后门技术实战（10个实验） (16)','Kali 渗透测试 - 后门技术实战（10个实验） (16)课程','https://dn-simplecloud.shiyanlou.com/1480389303324.png',5631,1,1,13,13),(244,'Kali 渗透测试 - Web 应用攻击实战 (16)','Kali 渗透测试 - Web 应用攻击实战 (16)课程啊，真','https://dn-simplecloud.shiyanlou.com/1480389165511.png',90941,1,1,28,1),(245,'使用OpenCV进行图片平滑处理打造模糊效果 (16)','使用OpenCV进行图片平滑处理打造模糊效果 (16)课程啊，真','https://dn-simplecloud.shiyanlou.com/1482113947345.png',6476,1,1,14,24),(246,'使用 Python 解数学方程 (16)','使用 Python 解数学方程 (16)课程啊，真滴好啊','https://dn-simplecloud.shiyanlou.com/1482807365470.png',37760,1,1,22,3),(247,'跟我一起来玩转Makefile (16)','跟我一起来玩转Makefile (16)课程啊，真滴好啊','https://dn-simplecloud.shiyanlou.com/1482215587606.png',50993,1,1,31,16),(248,'Kali 渗透测试 - 服务器攻击实战（20个实验） (16)','Kali 渗透测试 - 服务器攻击实战（20个实验） (16)课','https://dn-simplecloud.shiyanlou.com/1480386391850.png',42317,1,1,18,22),(249,'手把手教你实现 Google 拓展插件 (16)','手把手教你实现 Google 拓展插件 (16)课程啊，真滴好啊','https://dn-simplecloud.shiyanlou.com/1482113981000.png',1669,1,1,10,18),(250,'DVWA之暴力破解攻击 (16)','DVWA之暴力破解攻击 (16)课程啊，真滴好啊','https://dn-simplecloud.shiyanlou.com/1482113522578.png',59420,1,1,11,24),(251,'Python3实现简单的FTP认证服务器 (16)','Python3实现简单的FTP认证服务器 (16)课程啊，真滴好','https://dn-simplecloud.shiyanlou.com/1482113485097.png',513,1,1,27,16),(252,'SQLAlchemy 基础教程 (16)','SQLAlchemy 基础教程 (16)课程啊，真滴好啊','https://dn-simplecloud.shiyanlou.com/1481689616072.png',34809,1,1,23,20),(253,'使用OpenCV&&C++进行模板匹配 (16)','使用OpenCV&&C++进行模板匹配 (16)课程啊，真滴好啊','https://dn-simplecloud.shiyanlou.com/1481511769551.png',6342,1,1,15,1),(254,'Metasploit实现木马生成、捆绑及免杀 (16)','Metasploit实现木马生成、捆绑及免杀 (16)课程啊，真','https://dn-simplecloud.shiyanlou.com/1481512189119.png',90303,1,1,12,2),(255,'Python 3 实现 Markdown 解析器 (16)','Python 3 实现 Markdown 解析器 (16)课程啊','https://dn-simplecloud.shiyanlou.com/1480644410422.png',9301,1,1,11,26),(256,'新手指南之玩转实验楼 (17)','新手指南之玩转实验楼 (17)课程啊，真滴好啊','https://dn-simplecloud.shiyanlou.com/ncn63.jpg',82569,1,1,28,21),(257,'Linux 基础入门（新版） (17)','Linux 基础入门（新版） (17)课程啊，真滴好啊','https://dn-simplecloud.shiyanlou.com/ncn1.jpg',99734,1,1,19,11),(258,'Kali 渗透测试 - 后门技术实战（10个实验） (17)','Kali 渗透测试 - 后门技术实战（10个实验） (17)课程','https://dn-simplecloud.shiyanlou.com/1480389303324.png',55403,1,1,14,23),(259,'Kali 渗透测试 - Web 应用攻击实战 (17)','Kali 渗透测试 - Web 应用攻击实战 (17)课程啊，真','https://dn-simplecloud.shiyanlou.com/1480389165511.png',92498,1,1,31,24),(260,'使用OpenCV进行图片平滑处理打造模糊效果 (17)','使用OpenCV进行图片平滑处理打造模糊效果 (17)课程啊，真','https://dn-simplecloud.shiyanlou.com/1482113947345.png',43334,1,1,31,4),(261,'使用 Python 解数学方程 (17)','使用 Python 解数学方程 (17)课程啊，真滴好啊','https://dn-simplecloud.shiyanlou.com/1482807365470.png',97009,1,1,18,22),(262,'跟我一起来玩转Makefile (17)','跟我一起来玩转Makefile (17)课程啊，真滴好啊','https://dn-simplecloud.shiyanlou.com/1482215587606.png',46830,1,1,20,13),(263,'Kali 渗透测试 - 服务器攻击实战（20个实验） (17)','Kali 渗透测试 - 服务器攻击实战（20个实验） (17)课','https://dn-simplecloud.shiyanlou.com/1480386391850.png',80232,1,1,11,17),(264,'手把手教你实现 Google 拓展插件 (17)','手把手教你实现 Google 拓展插件 (17)课程啊，真滴好啊','https://dn-simplecloud.shiyanlou.com/1482113981000.png',32983,1,1,8,3),(265,'DVWA之暴力破解攻击 (17)','DVWA之暴力破解攻击 (17)课程啊，真滴好啊','https://dn-simplecloud.shiyanlou.com/1482113522578.png',11271,1,1,7,21),(266,'Python3实现简单的FTP认证服务器 (17)','Python3实现简单的FTP认证服务器 (17)课程啊，真滴好','https://dn-simplecloud.shiyanlou.com/1482113485097.png',57037,1,1,28,18),(267,'SQLAlchemy 基础教程 (17)','SQLAlchemy 基础教程 (17)课程啊，真滴好啊','https://dn-simplecloud.shiyanlou.com/1481689616072.png',79475,1,1,26,22),(268,'使用OpenCV&&C++进行模板匹配 (17)','使用OpenCV&&C++进行模板匹配 (17)课程啊，真滴好啊','https://dn-simplecloud.shiyanlou.com/1481511769551.png',35779,1,1,14,8),(269,'Metasploit实现木马生成、捆绑及免杀 (17)','Metasploit实现木马生成、捆绑及免杀 (17)课程啊，真','https://dn-simplecloud.shiyanlou.com/1481512189119.png',72949,1,1,28,12),(270,'Python 3 实现 Markdown 解析器 (17)','Python 3 实现 Markdown 解析器 (17)课程啊','https://dn-simplecloud.shiyanlou.com/1480644410422.png',52033,1,1,17,6),(271,'新手指南之玩转实验楼 (18)','新手指南之玩转实验楼 (18)课程啊，真滴好啊','https://dn-simplecloud.shiyanlou.com/ncn63.jpg',98363,1,1,14,25),(272,'Linux 基础入门（新版） (18)','Linux 基础入门（新版） (18)课程啊，真滴好啊','https://dn-simplecloud.shiyanlou.com/ncn1.jpg',30722,1,1,15,21),(273,'Kali 渗透测试 - 后门技术实战（10个实验） (18)','Kali 渗透测试 - 后门技术实战（10个实验） (18)课程','https://dn-simplecloud.shiyanlou.com/1480389303324.png',21757,1,1,28,11),(274,'Kali 渗透测试 - Web 应用攻击实战 (18)','Kali 渗透测试 - Web 应用攻击实战 (18)课程啊，真','https://dn-simplecloud.shiyanlou.com/1480389165511.png',33221,1,1,9,8),(275,'使用OpenCV进行图片平滑处理打造模糊效果 (18)','使用OpenCV进行图片平滑处理打造模糊效果 (18)课程啊，真','https://dn-simplecloud.shiyanlou.com/1482113947345.png',47803,1,1,16,15),(276,'使用 Python 解数学方程 (18)','使用 Python 解数学方程 (18)课程啊，真滴好啊','https://dn-simplecloud.shiyanlou.com/1482807365470.png',11937,1,1,12,21),(277,'跟我一起来玩转Makefile (18)','跟我一起来玩转Makefile (18)课程啊，真滴好啊','https://dn-simplecloud.shiyanlou.com/1482215587606.png',29293,1,1,11,7),(278,'Kali 渗透测试 - 服务器攻击实战（20个实验） (18)','Kali 渗透测试 - 服务器攻击实战（20个实验） (18)课','https://dn-simplecloud.shiyanlou.com/1480386391850.png',73566,1,1,30,2),(279,'手把手教你实现 Google 拓展插件 (18)','手把手教你实现 Google 拓展插件 (18)课程啊，真滴好啊','https://dn-simplecloud.shiyanlou.com/1482113981000.png',8284,1,1,28,15),(280,'DVWA之暴力破解攻击 (18)','DVWA之暴力破解攻击 (18)课程啊，真滴好啊','https://dn-simplecloud.shiyanlou.com/1482113522578.png',692,1,1,12,15),(281,'Python3实现简单的FTP认证服务器 (18)','Python3实现简单的FTP认证服务器 (18)课程啊，真滴好','https://dn-simplecloud.shiyanlou.com/1482113485097.png',96958,1,1,18,24),(282,'SQLAlchemy 基础教程 (18)','SQLAlchemy 基础教程 (18)课程啊，真滴好啊','https://dn-simplecloud.shiyanlou.com/1481689616072.png',23411,1,1,27,12),(283,'使用OpenCV&&C++进行模板匹配 (18)','使用OpenCV&&C++进行模板匹配 (18)课程啊，真滴好啊','https://dn-simplecloud.shiyanlou.com/1481511769551.png',9661,1,1,11,2),(284,'Metasploit实现木马生成、捆绑及免杀 (18)','Metasploit实现木马生成、捆绑及免杀 (18)课程啊，真','https://dn-simplecloud.shiyanlou.com/1481512189119.png',90110,1,1,28,13),(285,'Python 3 实现 Markdown 解析器 (18)','Python 3 实现 Markdown 解析器 (18)课程啊','https://dn-simplecloud.shiyanlou.com/1480644410422.png',17666,1,1,10,10),(286,'新手指南之玩转实验楼 (19)','新手指南之玩转实验楼 (19)课程啊，真滴好啊','https://dn-simplecloud.shiyanlou.com/ncn63.jpg',726,1,1,7,18),(287,'Linux 基础入门（新版） (19)','Linux 基础入门（新版） (19)课程啊，真滴好啊','https://dn-simplecloud.shiyanlou.com/ncn1.jpg',29449,1,1,12,14),(288,'Kali 渗透测试 - 后门技术实战（10个实验） (19)','Kali 渗透测试 - 后门技术实战（10个实验） (19)课程','https://dn-simplecloud.shiyanlou.com/1480389303324.png',44452,1,1,19,14),(289,'Kali 渗透测试 - Web 应用攻击实战 (19)','Kali 渗透测试 - Web 应用攻击实战 (19)课程啊，真','https://dn-simplecloud.shiyanlou.com/1480389165511.png',50688,1,1,18,12),(290,'使用OpenCV进行图片平滑处理打造模糊效果 (19)','使用OpenCV进行图片平滑处理打造模糊效果 (19)课程啊，真','https://dn-simplecloud.shiyanlou.com/1482113947345.png',12599,1,1,32,10),(291,'使用 Python 解数学方程 (19)','使用 Python 解数学方程 (19)课程啊，真滴好啊','https://dn-simplecloud.shiyanlou.com/1482807365470.png',82205,1,1,30,25),(292,'跟我一起来玩转Makefile (19)','跟我一起来玩转Makefile (19)课程啊，真滴好啊','https://dn-simplecloud.shiyanlou.com/1482215587606.png',12496,1,1,10,6),(293,'Kali 渗透测试 - 服务器攻击实战（20个实验） (19)','Kali 渗透测试 - 服务器攻击实战（20个实验） (19)课','https://dn-simplecloud.shiyanlou.com/1480386391850.png',96136,1,1,28,15),(294,'手把手教你实现 Google 拓展插件 (19)','手把手教你实现 Google 拓展插件 (19)课程啊，真滴好啊','https://dn-simplecloud.shiyanlou.com/1482113981000.png',99484,1,1,7,9),(295,'DVWA之暴力破解攻击 (19)','DVWA之暴力破解攻击 (19)课程啊，真滴好啊','https://dn-simplecloud.shiyanlou.com/1482113522578.png',89928,1,1,26,9),(296,'Python3实现简单的FTP认证服务器 (19)','Python3实现简单的FTP认证服务器 (19)课程啊，真滴好','https://dn-simplecloud.shiyanlou.com/1482113485097.png',22418,1,1,17,2),(297,'SQLAlchemy 基础教程 (19)','SQLAlchemy 基础教程 (19)课程啊，真滴好啊','https://dn-simplecloud.shiyanlou.com/1481689616072.png',5692,1,1,22,10),(298,'使用OpenCV&&C++进行模板匹配 (19)','使用OpenCV&&C++进行模板匹配 (19)课程啊，真滴好啊','https://dn-simplecloud.shiyanlou.com/1481511769551.png',39178,1,1,23,23),(299,'Metasploit实现木马生成、捆绑及免杀 (19)','Metasploit实现木马生成、捆绑及免杀 (19)课程啊，真','https://dn-simplecloud.shiyanlou.com/1481512189119.png',20013,1,1,8,6),(300,'Python 3 实现 Markdown 解析器 (19)','Python 3 实现 Markdown 解析器 (19)课程啊','https://dn-simplecloud.shiyanlou.com/1480644410422.png',79860,1,1,16,13),(301,'新手指南之玩转实验楼 (20)','新手指南之玩转实验楼 (20)课程啊，真滴好啊','https://dn-simplecloud.shiyanlou.com/ncn63.jpg',24251,1,1,12,12),(302,'Linux 基础入门（新版） (20)','Linux 基础入门（新版） (20)课程啊，真滴好啊','https://dn-simplecloud.shiyanlou.com/ncn1.jpg',5786,1,1,32,25),(303,'Kali 渗透测试 - 后门技术实战（10个实验） (20)','Kali 渗透测试 - 后门技术实战（10个实验） (20)课程','https://dn-simplecloud.shiyanlou.com/1480389303324.png',47011,1,1,22,13),(304,'Kali 渗透测试 - Web 应用攻击实战 (20)','Kali 渗透测试 - Web 应用攻击实战 (20)课程啊，真','https://dn-simplecloud.shiyanlou.com/1480389165511.png',66827,1,1,8,18),(305,'使用OpenCV进行图片平滑处理打造模糊效果 (20)','使用OpenCV进行图片平滑处理打造模糊效果 (20)课程啊，真','https://dn-simplecloud.shiyanlou.com/1482113947345.png',38625,1,1,26,11),(306,'使用 Python 解数学方程 (20)','使用 Python 解数学方程 (20)课程啊，真滴好啊','https://dn-simplecloud.shiyanlou.com/1482807365470.png',63614,1,1,28,14),(307,'跟我一起来玩转Makefile (20)','跟我一起来玩转Makefile (20)课程啊，真滴好啊','https://dn-simplecloud.shiyanlou.com/1482215587606.png',14545,1,1,27,17),(308,'Kali 渗透测试 - 服务器攻击实战（20个实验） (20)','Kali 渗透测试 - 服务器攻击实战（20个实验） (20)课','https://dn-simplecloud.shiyanlou.com/1480386391850.png',23180,1,1,13,4),(309,'手把手教你实现 Google 拓展插件 (20)','手把手教你实现 Google 拓展插件 (20)课程啊，真滴好啊','https://dn-simplecloud.shiyanlou.com/1482113981000.png',53809,1,1,22,6),(310,'DVWA之暴力破解攻击 (20)','DVWA之暴力破解攻击 (20)课程啊，真滴好啊','https://dn-simplecloud.shiyanlou.com/1482113522578.png',3790,1,1,22,15),(311,'Python3实现简单的FTP认证服务器 (20)','Python3实现简单的FTP认证服务器 (20)课程啊，真滴好','https://dn-simplecloud.shiyanlou.com/1482113485097.png',75494,1,1,10,15),(312,'SQLAlchemy 基础教程 (20)','SQLAlchemy 基础教程 (20)课程啊，真滴好啊','https://dn-simplecloud.shiyanlou.com/1481689616072.png',80935,1,1,19,24),(313,'使用OpenCV&&C++进行模板匹配 (20)','使用OpenCV&&C++进行模板匹配 (20)课程啊，真滴好啊','https://dn-simplecloud.shiyanlou.com/1481511769551.png',53176,1,1,22,18),(314,'Metasploit实现木马生成、捆绑及免杀 (20)','Metasploit实现木马生成、捆绑及免杀 (20)课程啊，真','https://dn-simplecloud.shiyanlou.com/1481512189119.png',63077,1,1,8,9),(315,'Python 3 实现 Markdown 解析器 (20)','Python 3 实现 Markdown 解析器 (20)课程啊','https://dn-simplecloud.shiyanlou.com/1480644410422.png',84788,1,1,23,23),(316,'新手指南之玩转实验楼 (21)','新手指南之玩转实验楼 (21)课程啊，真滴好啊','https://dn-simplecloud.shiyanlou.com/ncn63.jpg',11488,1,1,14,4),(317,'Linux 基础入门（新版） (21)','Linux 基础入门（新版） (21)课程啊，真滴好啊','https://dn-simplecloud.shiyanlou.com/ncn1.jpg',11244,1,1,12,20),(318,'Kali 渗透测试 - 后门技术实战（10个实验） (21)','Kali 渗透测试 - 后门技术实战（10个实验） (21)课程','https://dn-simplecloud.shiyanlou.com/1480389303324.png',21337,1,1,23,7),(319,'Kali 渗透测试 - Web 应用攻击实战 (21)','Kali 渗透测试 - Web 应用攻击实战 (21)课程啊，真','https://dn-simplecloud.shiyanlou.com/1480389165511.png',48669,1,1,31,12),(320,'使用OpenCV进行图片平滑处理打造模糊效果 (21)','使用OpenCV进行图片平滑处理打造模糊效果 (21)课程啊，真','https://dn-simplecloud.shiyanlou.com/1482113947345.png',51761,1,1,21,11),(321,'使用 Python 解数学方程 (21)','使用 Python 解数学方程 (21)课程啊，真滴好啊','https://dn-simplecloud.shiyanlou.com/1482807365470.png',15842,1,1,30,18),(322,'跟我一起来玩转Makefile (21)','跟我一起来玩转Makefile (21)课程啊，真滴好啊','https://dn-simplecloud.shiyanlou.com/1482215587606.png',78180,1,1,32,8),(323,'Kali 渗透测试 - 服务器攻击实战（20个实验） (21)','Kali 渗透测试 - 服务器攻击实战（20个实验） (21)课','https://dn-simplecloud.shiyanlou.com/1480386391850.png',86440,1,1,12,11),(324,'手把手教你实现 Google 拓展插件 (21)','手把手教你实现 Google 拓展插件 (21)课程啊，真滴好啊','https://dn-simplecloud.shiyanlou.com/1482113981000.png',86658,1,1,26,6),(325,'DVWA之暴力破解攻击 (21)','DVWA之暴力破解攻击 (21)课程啊，真滴好啊','https://dn-simplecloud.shiyanlou.com/1482113522578.png',16570,1,1,27,22),(326,'Python3实现简单的FTP认证服务器 (21)','Python3实现简单的FTP认证服务器 (21)课程啊，真滴好','https://dn-simplecloud.shiyanlou.com/1482113485097.png',98443,1,1,28,1),(327,'SQLAlchemy 基础教程 (21)','SQLAlchemy 基础教程 (21)课程啊，真滴好啊','https://dn-simplecloud.shiyanlou.com/1481689616072.png',82584,1,1,22,22),(328,'使用OpenCV&&C++进行模板匹配 (21)','使用OpenCV&&C++进行模板匹配 (21)课程啊，真滴好啊','https://dn-simplecloud.shiyanlou.com/1481511769551.png',28401,1,1,17,7),(329,'Metasploit实现木马生成、捆绑及免杀 (21)','Metasploit实现木马生成、捆绑及免杀 (21)课程啊，真','https://dn-simplecloud.shiyanlou.com/1481512189119.png',58854,1,1,31,8),(330,'Python 3 实现 Markdown 解析器 (21)','Python 3 实现 Markdown 解析器 (21)课程啊','https://dn-simplecloud.shiyanlou.com/1480644410422.png',30448,1,1,32,24),(331,'新手指南之玩转实验楼 (22)','新手指南之玩转实验楼 (22)课程啊，真滴好啊','https://dn-simplecloud.shiyanlou.com/ncn63.jpg',19013,1,1,16,12),(332,'Linux 基础入门（新版） (22)','Linux 基础入门（新版） (22)课程啊，真滴好啊','https://dn-simplecloud.shiyanlou.com/ncn1.jpg',91921,1,1,18,14),(333,'Kali 渗透测试 - 后门技术实战（10个实验） (22)','Kali 渗透测试 - 后门技术实战（10个实验） (22)课程','https://dn-simplecloud.shiyanlou.com/1480389303324.png',55139,1,1,21,14),(334,'Kali 渗透测试 - Web 应用攻击实战 (22)','Kali 渗透测试 - Web 应用攻击实战 (22)课程啊，真','https://dn-simplecloud.shiyanlou.com/1480389165511.png',51284,1,1,28,11),(335,'使用OpenCV进行图片平滑处理打造模糊效果 (22)','使用OpenCV进行图片平滑处理打造模糊效果 (22)课程啊，真','https://dn-simplecloud.shiyanlou.com/1482113947345.png',14629,1,1,32,21),(336,'使用 Python 解数学方程 (22)','使用 Python 解数学方程 (22)课程啊，真滴好啊','https://dn-simplecloud.shiyanlou.com/1482807365470.png',6757,1,1,22,18),(337,'跟我一起来玩转Makefile (22)','跟我一起来玩转Makefile (22)课程啊，真滴好啊','https://dn-simplecloud.shiyanlou.com/1482215587606.png',60325,1,1,15,22),(338,'Kali 渗透测试 - 服务器攻击实战（20个实验） (22)','Kali 渗透测试 - 服务器攻击实战（20个实验） (22)课','https://dn-simplecloud.shiyanlou.com/1480386391850.png',87086,1,1,17,19),(339,'手把手教你实现 Google 拓展插件 (22)','手把手教你实现 Google 拓展插件 (22)课程啊，真滴好啊','https://dn-simplecloud.shiyanlou.com/1482113981000.png',14345,1,1,20,24),(340,'DVWA之暴力破解攻击 (22)','DVWA之暴力破解攻击 (22)课程啊，真滴好啊','https://dn-simplecloud.shiyanlou.com/1482113522578.png',18489,1,1,20,24),(341,'Python3实现简单的FTP认证服务器 (22)','Python3实现简单的FTP认证服务器 (22)课程啊，真滴好','https://dn-simplecloud.shiyanlou.com/1482113485097.png',34197,1,1,29,2),(342,'SQLAlchemy 基础教程 (22)','SQLAlchemy 基础教程 (22)课程啊，真滴好啊','https://dn-simplecloud.shiyanlou.com/1481689616072.png',59067,1,1,17,3),(343,'使用OpenCV&&C++进行模板匹配 (22)','使用OpenCV&&C++进行模板匹配 (22)课程啊，真滴好啊','https://dn-simplecloud.shiyanlou.com/1481511769551.png',54960,1,1,11,18),(344,'Metasploit实现木马生成、捆绑及免杀 (22)','Metasploit实现木马生成、捆绑及免杀 (22)课程啊，真','https://dn-simplecloud.shiyanlou.com/1481512189119.png',22713,1,1,8,4),(345,'Python 3 实现 Markdown 解析器 (22)','Python 3 实现 Markdown 解析器 (22)课程啊','https://dn-simplecloud.shiyanlou.com/1480644410422.png',3885,1,1,26,23),(346,'新手指南之玩转实验楼 (23)','新手指南之玩转实验楼 (23)课程啊，真滴好啊','https://dn-simplecloud.shiyanlou.com/ncn63.jpg',7319,1,1,18,25),(349,'Kali 渗透测试 - Web 应用攻击实战 (23)','Kali 渗透测试 - Web 应用攻击实战 (23)课程啊，真','https://dn-simplecloud.shiyanlou.com/1480389165511.png',75606,1,1,14,7),(350,'使用OpenCV进行图片平滑处理打造模糊效果 (23)','使用OpenCV进行图片平滑处理打造模糊效果 (23)课程啊，真','https://dn-simplecloud.shiyanlou.com/1482113947345.png',67787,1,1,26,18),(351,'使用 Python 解数学方程 (23)','使用 Python 解数学方程 (23)课程啊，真滴好啊','https://dn-simplecloud.shiyanlou.com/1482807365470.png',4424,1,1,26,14),(352,'跟我一起来玩转Makefile (23)','跟我一起来玩转Makefile (23)课程啊，真滴好啊','https://dn-simplecloud.shiyanlou.com/1482215587606.png',96882,1,1,23,11),(353,'Kali 渗透测试 - 服务器攻击实战（20个实验） (23)','Kali 渗透测试 - 服务器攻击实战（20个实验） (23)课','https://dn-simplecloud.shiyanlou.com/1480386391850.png',19520,1,1,7,14),(354,'手把手教你实现 Google 拓展插件 (23)','手把手教你实现 Google 拓展插件 (23)课程啊，真滴好啊','https://dn-simplecloud.shiyanlou.com/1482113981000.png',43543,1,1,10,23),(355,'DVWA之暴力破解攻击 (23)','DVWA之暴力破解攻击 (23)课程啊，真滴好啊','https://dn-simplecloud.shiyanlou.com/1482113522578.png',6294,1,1,26,8),(356,'Python3实现简单的FTP认证服务器 (23)','Python3实现简单的FTP认证服务器 (23)课程啊，真滴好','https://dn-simplecloud.shiyanlou.com/1482113485097.png',54984,1,1,23,2),(357,'SQLAlchemy 基础教程 (23)','SQLAlchemy 基础教程 (23)课程啊，真滴好啊','https://dn-simplecloud.shiyanlou.com/1481689616072.png',42536,1,1,7,9),(358,'使用OpenCV&&C++进行模板匹配 (23)','使用OpenCV&&C++进行模板匹配 (23)课程啊，真滴好啊','https://dn-simplecloud.shiyanlou.com/1481511769551.png',56374,1,1,17,7),(359,'Metasploit实现木马生成、捆绑及免杀 (23)','Metasploit实现木马生成、捆绑及免杀 (23)课程啊，真','https://dn-simplecloud.shiyanlou.com/1481512189119.png',38243,1,1,20,15),(360,'Python 3 实现 Markdown 解析器 (23)','Python 3 实现 Markdown 解析器 (23)课程啊','https://dn-simplecloud.shiyanlou.com/1480644410422.png',58474,1,1,14,16),(361,'新手指南之玩转实验楼 (24)','新手指南之玩转实验楼 (24)课程啊，真滴好啊','https://dn-simplecloud.shiyanlou.com/ncn63.jpg',8427,1,1,19,19),(362,'Linux 基础入门（新版） (24)','Linux 基础入门（新版） (24)课程啊，真滴好啊','https://dn-simplecloud.shiyanlou.com/ncn1.jpg',33030,1,1,23,2),(363,'Kali 渗透测试 - 后门技术实战（10个实验） (24)','Kali 渗透测试 - 后门技术实战（10个实验） (24)课程','https://dn-simplecloud.shiyanlou.com/1480389303324.png',72989,1,1,25,7),(364,'Kali 渗透测试 - Web 应用攻击实战 (24)','Kali 渗透测试 - Web 应用攻击实战 (24)课程啊，真','https://dn-simplecloud.shiyanlou.com/1480389165511.png',64929,1,1,17,24),(365,'使用OpenCV进行图片平滑处理打造模糊效果 (24)','使用OpenCV进行图片平滑处理打造模糊效果 (24)课程啊，真','https://dn-simplecloud.shiyanlou.com/1482113947345.png',29917,1,1,26,7),(366,'使用 Python 解数学方程 (24)','使用 Python 解数学方程 (24)课程啊，真滴好啊','https://dn-simplecloud.shiyanlou.com/1482807365470.png',37074,1,1,18,9),(367,'跟我一起来玩转Makefile (24)','跟我一起来玩转Makefile (24)课程啊，真滴好啊','https://dn-simplecloud.shiyanlou.com/1482215587606.png',10891,1,1,26,7),(368,'Kali 渗透测试 - 服务器攻击实战（20个实验） (24)','Kali 渗透测试 - 服务器攻击实战（20个实验） (24)课','https://dn-simplecloud.shiyanlou.com/1480386391850.png',49302,1,1,9,7),(369,'手把手教你实现 Google 拓展插件 (24)','手把手教你实现 Google 拓展插件 (24)课程啊，真滴好啊','https://dn-simplecloud.shiyanlou.com/1482113981000.png',51822,1,1,25,18),(370,'DVWA之暴力破解攻击 (24)','DVWA之暴力破解攻击 (24)课程啊，真滴好啊','https://dn-simplecloud.shiyanlou.com/1482113522578.png',35510,1,1,7,20),(371,'Python3实现简单的FTP认证服务器 (24)','Python3实现简单的FTP认证服务器 (24)课程啊，真滴好','https://dn-simplecloud.shiyanlou.com/1482113485097.png',15373,1,1,20,20),(372,'SQLAlchemy 基础教程 (24)','SQLAlchemy 基础教程 (24)课程啊，真滴好啊','https://dn-simplecloud.shiyanlou.com/1481689616072.png',56274,1,1,26,26),(373,'使用OpenCV&&C++进行模板匹配 (24)','使用OpenCV&&C++进行模板匹配 (24)课程啊，真滴好啊','https://dn-simplecloud.shiyanlou.com/1481511769551.png',72964,1,1,11,4),(374,'Metasploit实现木马生成、捆绑及免杀 (24)','Metasploit实现木马生成、捆绑及免杀 (24)课程啊，真','https://dn-simplecloud.shiyanlou.com/1481512189119.png',95898,1,1,29,17),(375,'Python 3 实现 Markdown 解析器 (24)','Python 3 实现 Markdown 解析器 (24)课程啊','https://dn-simplecloud.shiyanlou.com/1480644410422.png',97480,1,1,25,20),(376,'0000001','0000001','1.jpg',100,1,1,1,1),(377,'0000001','0000001','1.jpg',100,1,1,1,1),(378,'0000001','0000001','1.jpg',100,1,1,NULL,1),(379,'0000001','0000001','1.jpg',NULL,1,1,NULL,1);
/*!40000 ALTER TABLE `course` ENABLE KEYS */;
UNLOCK TABLES;

--
-- Table structure for table `label`
--

DROP TABLE IF EXISTS `label`;
/*!40101 SET @saved_cs_client     = @@character_set_client */;
/*!40101 SET character_set_client = utf8 */;
CREATE TABLE `label` (
  `id` int(11) NOT NULL AUTO_INCREMENT,
  `name` varchar(32) DEFAULT NULL,
  `description` text,
  PRIMARY KEY (`id`)
) ENGINE=InnoDB AUTO_INCREMENT=27 DEFAULT CHARSET=utf8;
/*!40101 SET character_set_client = @saved_cs_client */;

--
-- Dumping data for table `label`
--

LOCK TABLES `label` WRITE;
/*!40000 ALTER TABLE `label` DISABLE KEYS */;
INSERT INTO `label` VALUES (1,'Python','Python课程'),(2,'C/C++','C/C++课程'),(3,'Linux','Linux课程'),(4,'Web','Web课程'),(5,'信息安全','信息安全课程'),(6,'PHP','PHP课程'),(7,'Java','Java课程'),(8,'NodeJS','NodeJS课程'),(9,'Android','Android课程'),(10,'GO','GO课程'),(11,'Spark','Spark课程'),(12,'计算机专业课','计算机专业课课程'),(13,'Hadoop','Hadoop课程'),(14,'HTML5','HTML5课程'),(15,'Scala','Scala课程'),(16,'Ruby','Ruby课程'),(17,'R','R课程'),(18,'网络','网络课程'),(19,'Git','Git课程'),(20,'SQL','SQL课程'),(21,'NoSQL','NoSQL课程'),(22,'算法','算法课程'),(23,'Docker','Docker课程'),(24,'Swift','Swift课程'),(25,'汇编','汇编课程'),(26,'Windows','Windows课程');
/*!40000 ALTER TABLE `label` ENABLE KEYS */;
UNLOCK TABLES;

--
-- Table structure for table `role`
--

DROP TABLE IF EXISTS `role`;
/*!40101 SET @saved_cs_client     = @@character_set_client */;
/*!40101 SET character_set_client = utf8 */;
CREATE TABLE `role` (
  `id` int(11) NOT NULL AUTO_INCREMENT,
  `r_name` varchar(32) DEFAULT NULL,
  `description` varchar(32) DEFAULT NULL,
  PRIMARY KEY (`id`)
) ENGINE=InnoDB AUTO_INCREMENT=4 DEFAULT CHARSET=utf8;
/*!40101 SET character_set_client = @saved_cs_client */;

--
-- Dumping data for table `role`
--

LOCK TABLES `role` WRITE;
/*!40000 ALTER TABLE `role` DISABLE KEYS */;
INSERT INTO `role` VALUES (1,'免费','免费会员'),(2,'限免','限免'),(3,'会员','会员');
/*!40000 ALTER TABLE `role` ENABLE KEYS */;
UNLOCK TABLES;

--
-- Table structure for table `user`
--

DROP TABLE IF EXISTS `user`;
/*!40101 SET @saved_cs_client     = @@character_set_client */;
/*!40101 SET character_set_client = utf8 */;
CREATE TABLE `user` (
  `id` int(11) NOT NULL AUTO_INCREMENT,
  `name` varchar(32) DEFAULT NULL,
  `password` varchar(32) DEFAULT NULL,
  `role_id` int(11) DEFAULT NULL,
  `picture` varchar(64) DEFAULT NULL,
  PRIMARY KEY (`id`),
  KEY `role_id` (`role_id`),
  CONSTRAINT `user_ibfk_1` FOREIGN KEY (`role_id`) REFERENCES `role` (`id`)
) ENGINE=InnoDB AUTO_INCREMENT=13 DEFAULT CHARSET=utf8;
/*!40101 SET character_set_client = @saved_cs_client */;

--
-- Dumping data for table `user`
--

LOCK TABLES `user` WRITE;
/*!40000 ALTER TABLE `user` DISABLE KEYS */;
INSERT INTO `user` VALUES (1,NULL,NULL,1,NULL),(2,'张三','111111',1,'images\\8.png'),(3,'张三','111111',1,NULL),(4,'李四','111111',1,NULL),(5,'李四','111111',1,NULL),(6,'wangwu','111111',1,NULL),(7,'laoliu','111111',1,NULL),(8,'zhangsan','111111',1,NULL),(9,'z1','111111',1,'1'),(10,'sdfdsf','fdsfs',1,'1'),(11,'hello','111111',1,'1'),(12,'hello01','111111',1,'1');
/*!40000 ALTER TABLE `user` ENABLE KEYS */;
UNLOCK TABLES;

--
-- Table structure for table `user_course`
--

DROP TABLE IF EXISTS `user_course`;
/*!40101 SET @saved_cs_client     = @@character_set_client */;
/*!40101 SET character_set_client = utf8 */;
CREATE TABLE `user_course` (
  `id` int(11) NOT NULL AUTO_INCREMENT,
  `user_id` int(11) DEFAULT NULL,
  `course_id` int(11) DEFAULT NULL,
  PRIMARY KEY (`id`),
  KEY `user_id` (`user_id`),
  KEY `course_id` (`course_id`),
  CONSTRAINT `user_course_ibfk_1` FOREIGN KEY (`user_id`) REFERENCES `user` (`id`),
  CONSTRAINT `user_course_ibfk_2` FOREIGN KEY (`course_id`) REFERENCES `course` (`id`)
) ENGINE=InnoDB DEFAULT CHARSET=utf8;
/*!40101 SET character_set_client = @saved_cs_client */;

--
-- Dumping data for table `user_course`
--

LOCK TABLES `user_course` WRITE;
/*!40000 ALTER TABLE `user_course` DISABLE KEYS */;
/*!40000 ALTER TABLE `user_course` ENABLE KEYS */;
UNLOCK TABLES;
/*!40103 SET TIME_ZONE=@OLD_TIME_ZONE */;

/*!40101 SET SQL_MODE=@OLD_SQL_MODE */;
/*!40014 SET FOREIGN_KEY_CHECKS=@OLD_FOREIGN_KEY_CHECKS */;
/*!40014 SET UNIQUE_CHECKS=@OLD_UNIQUE_CHECKS */;
/*!40101 SET CHARACTER_SET_CLIENT=@OLD_CHARACTER_SET_CLIENT */;
/*!40101 SET CHARACTER_SET_RESULTS=@OLD_CHARACTER_SET_RESULTS */;
/*!40101 SET COLLATION_CONNECTION=@OLD_COLLATION_CONNECTION */;
/*!40111 SET SQL_NOTES=@OLD_SQL_NOTES */;

-- Dump completed on 2020-03-23 11:15:40
